<?xml version="1.0" encoding="UTF-8"?>
<project-private xmlns="http://www.netbeans.org/ns/project-private/1">
    <editor-bookmarks xmlns="http://www.netbeans.org/ns/editor-bookmarks/2" lastBookmarkId="0"/>
    <open-files xmlns="http://www.netbeans.org/ns/projectui-open-files/2">
        <group>
            <file>file:/C:/Users/legen/OneDrive/Escritorio/Laboratorio3%20avance%202/src/laboratorio3/Ventas.java</file>
            <file>file:/C:/Users/legen/OneDrive/Escritorio/Laboratorio3%20avance%202/src/laboratorio3/Calcular.java</file>
            <file>file:/C:/Users/legen/OneDrive/Escritorio/Laboratorio3%20avance%202/src/laboratorio3/Laboratorio3.java</file>
            <file>file:/C:/Users/legen/OneDrive/Escritorio/Laboratorio3%20avance%202/src/laboratorio3/Supermercado.java</file>
        </group>
    </open-files>
</project-private>
